Workbook

Sheet Objects
A3: $$Objects$$
A4: $Id$ | B4: $Name$ | C4: $DisplayName$ | D4: $Description$ | E4: $ItemType$ | F4: $Category$ | G4: $CategoryColor$ | H4: $ObjectType$ | I4: $SheetDirectory$ | J4: $ParentSheet$ | K4: $SpriteIndex$ | L4: $Buffs$ | M4: $ContextTags$ | N4: $Stackable$ | O4: $CanBeGivenAsGift$ | P4: $CanBeTrashed$ | Q4: $Price$ | R4: $Edibility$ | S4: $IsDrink$
A5: 201 | B5: Rock | C5: =B5&"_Name" -> Rock_Name | D5: =B5&"_Description" -> Rock_Description | E5: OBJECTS | F5: Resource | G5: {=_xlfn.SWITCH(F5, "Resource", "#406672", "Animal Product", "#FF0064", "Vegetable", "#FF0064", "Fruit","#FF1493","Flower", "#DB36D3","Forage", "#0A8232","Recipe", "#DC3C00","Fish", "#00008B","Seed", "#A52A2A","Crafting", "#943D28","Mineral", "#6E005A", "Trash", "#696969","BASIC", "#313131","Tool", "#313131","Artisan Goods", "#009B6F", "Cooking", "#DC3C00","미지정")} -> #406672 | H5: LITTER | I5: Sprites/Items | J5: Objects | K5: 327 | M5: Tag_1,Tag_Test | N5: TRUE | O5: TRUE | P5: TRUE | Q5: 0 | R5: -300 | S5: FALSE
A6: 301 | B6: Milk | C6: =B6&"_Name" -> Milk_Name | D6: =B6&"_Description" -> Milk_Description | E6: OBJECTS | F6: Animal Product | G6: {=_xlfn.SWITCH(F6, "Resource", "#406672", "Animal Product", "#FF0064", "Vegetable", "#FF0064", "Fruit","#FF1493","Flower", "#DB36D3","Forage", "#0A8232","Recipe", "#DC3C00","Fish", "#00008B","Seed", "#A52A2A","Crafting", "#943D28","Mineral", "#6E005A", "Trash", "#696969","BASIC", "#313131","Tool", "#313131","Artisan Goods", "#009B6F", "Cooking", "#DC3C00","미지정")} -> #FF0064 | H6: BASIC | I6: Sprites/Items | J6: Objects | K6: 2 | N6: TRUE | O6: TRUE | P6: TRUE | Q6: 125 | R6: 15 | S6: TRUE
A7: 302 | B7: Carrot | C7: =B7&"_Name" -> Carrot_Name | D7: =B7&"_Description" -> Carrot_Description | E7: OBJECTS | F7: Vegetable | G7: {=_xlfn.SWITCH(F7, "Resource", "#406672", "Animal Product", "#FF0064", "Vegetable", "#FF0064", "Fruit","#FF1493","Flower", "#DB36D3","Forage", "#0A8232","Recipe", "#DC3C00","Fish", "#00008B","Seed", "#A52A2A","Crafting", "#943D28","Mineral", "#6E005A", "Trash", "#696969","BASIC", "#313131","Tool", "#313131","Artisan Goods", "#009B6F", "Cooking", "#DC3C00","미지정")} -> #FF0064 | H7: BASIC | I7: Sprites/Items | J7: Objects | K7: 3 | N7: TRUE | O7: TRUE | P7: TRUE | Q7: 35 | R7: 12
A8: 303 | B8: Cauliflower | C8: =B8&"_Name" -> Cauliflower_Name | D8: =B8&"_Description" -> Cauliflower_Description | E8: OBJECTS | F8: Vegetable | G8: {=_xlfn.SWITCH(F8, "Resource", "#406672", "Animal Product", "#FF0064", "Vegetable", "#FF0064", "Fruit","#FF1493","Flower", "#DB36D3","Forage", "#0A8232","Recipe", "#DC3C00","Fish", "#00008B","Seed", "#A52A2A","Crafting", "#943D28","Mineral", "#6E005A", "Trash", "#696969","BASIC", "#313131","Tool", "#313131","Artisan Goods", "#009B6F", "Cooking", "#DC3C00","미지정")} -> #FF0064 | H8: BASIC | I8: Sprites/Items | J8: Objects | K8: 4 | N8: TRUE | O8: TRUE | P8: TRUE | Q8: 175 | R8: 30
A9: 304 | B9: Pumpkin | C9: =B9&"_Name" -> Pumpkin_Name | D9: =B9&"_Description" -> Pumpkin_Description | E9: OBJECTS | F9: Vegetable | G9: {=_xlfn.SWITCH(F9, "Resource", "#406672", "Animal Product", "#FF0064", "Vegetable", "#FF0064", "Fruit","#FF1493","Flower", "#DB36D3","Forage", "#0A8232","Recipe", "#DC3C00","Fish", "#00008B","Seed", "#A52A2A","Crafting", "#943D28","Mineral", "#6E005A", "Trash", "#696969","BASIC", "#313131","Tool", "#313131","Artisan Goods", "#009B6F", "Cooking", "#DC3C00","미지정")} -> #FF0064 | H9: BASIC | I9: Sprites/Items | J9: Objects | K9: 5 | N9: TRUE | O9: TRUE | P9: TRUE | Q9: 320 | R9: -300
A10: 305 | B10: Sunflower | C10: =B10&"_Name" -> Sunflower_Name | D10: =B10&"_Description" -> Sunflower_Description | E10: OBJECTS | F10: Flower | G10: {=_xlfn.SWITCH(F10, "Resource", "#406672", "Animal Product", "#FF0064", "Vegetable", "#FF0064", "Fruit","#FF1493","Flower", "#DB36D3","Forage", "#0A8232","Recipe", "#DC3C00","Fish", "#00008B","Seed", "#A52A2A","Crafting", "#943D28","Mineral", "#6E005A", "Trash", "#696969","BASIC", "#313131","Tool", "#313131","Artisan Goods", "#009B6F", "Cooking", "#DC3C00","미지정")} -> #DB36D3 | H10: BASIC | I10: Sprites/Items | J10: Objects | K10: 6 | N10: TRUE | O10: TRUE | P10: TRUE | Q10: 80 | R10: 18
A11: 306 | B11: Radish | C11: =B11&"_Name" -> Radish_Name | D11: =B11&"_Description" -> Radish_Description | E11: OBJECTS | F11: Vegetable | G11: {=_xlfn.SWITCH(F11, "Resource", "#406672", "Animal Product", "#FF0064", "Vegetable", "#FF0064", "Fruit","#FF1493","Flower", "#DB36D3","Forage", "#0A8232","Recipe", "#DC3C00","Fish", "#00008B","Seed", "#A52A2A","Crafting", "#943D28","Mineral", "#6E005A", "Trash", "#696969","BASIC", "#313131","Tool", "#313131","Artisan Goods", "#009B6F", "Cooking", "#DC3C00","미지정")} -> #FF0064 | H11: BASIC | I11: Sprites/Items | J11: Objects | K11: 7 | N11: TRUE | O11: TRUE | P11: TRUE | Q11: 90 | R11: 18
A12: 307 | B12: Parsnip | C12: =B12&"_Name" -> Parsnip_Name | D12: =B12&"_Description" -> Parsnip_Description | E12: OBJECTS | F12: Vegetable | G12: {=_xlfn.SWITCH(F12, "Resource", "#406672", "Animal Product", "#FF0064", "Vegetable", "#FF0064", "Fruit","#FF1493","Flower", "#DB36D3","Forage", "#0A8232","Recipe", "#DC3C00","Fish", "#00008B","Seed", "#A52A2A","Crafting", "#943D28","Mineral", "#6E005A", "Trash", "#696969","BASIC", "#313131","Tool", "#313131","Artisan Goods", "#009B6F", "Cooking", "#DC3C00","미지정")} -> #FF0064 | H12: BASIC | I12: Sprites/Items | J12: Objects | K12: 8 | N12: TRUE | O12: TRUE | P12: TRUE | Q12: 35 | R12: 10
A13: 308 | B13: Potato | C13: =B13&"_Name" -> Potato_Name | D13: =B13&"_Description" -> Potato_Description | E13: OBJECTS | F13: Vegetable | G13: {=_xlfn.SWITCH(F13, "Resource", "#406672", "Animal Product", "#FF0064", "Vegetable", "#FF0064", "Fruit","#FF1493","Flower", "#DB36D3","Forage", "#0A8232","Recipe", "#DC3C00","Fish", "#00008B","Seed", "#A52A2A","Crafting", "#943D28","Mineral", "#6E005A", "Trash", "#696969","BASIC", "#313131","Tool", "#313131","Artisan Goods", "#009B6F", "Cooking", "#DC3C00","미지정")} -> #FF0064 | H13: BASIC | I13: Sprites/Items | J13: Objects | K13: 9 | N13: TRUE | O13: TRUE | P13: TRUE | Q13: 80 | R13: 10
A14: 309 | B14: Red Cabbage | C14: =B14&"_Name" -> Red Cabbage_Name | D14: =B14&"_Description" -> Red Cabbage_Description | E14: OBJECTS | F14: Vegetable | G14: {=_xlfn.SWITCH(F14, "Resource", "#406672", "Animal Product", "#FF0064", "Vegetable", "#FF0064", "Fruit","#FF1493","Flower", "#DB36D3","Forage", "#0A8232","Recipe", "#DC3C00","Fish", "#00008B","Seed", "#A52A2A","Crafting", "#943D28","Mineral", "#6E005A", "Trash", "#696969","BASIC", "#313131","Tool", "#313131","Artisan Goods", "#009B6F", "Cooking", "#DC3C00","미지정")} -> #FF0064 | H14: BASIC | I14: Sprites/Items | J14: Objects | K14: 10 | N14: TRUE | O14: TRUE | P14: TRUE | Q14: 260 | R14: 30
A15: 310 | B15: Beetroot | C15: =B15&"_Name" -> Beetroot_Name | D15: =B15&"_Description" -> Beetroot_Description | E15: OBJECTS | F15: Vegetable | G15: {=_xlfn.SWITCH(F15, "Resource", "#406672", "Animal Product", "#FF0064", "Vegetable", "#FF0064", "Fruit","#FF1493","Flower", "#DB36D3","Forage", "#0A8232","Recipe", "#DC3C00","Fish", "#00008B","Seed", "#A52A2A","Crafting", "#943D28","Mineral", "#6E005A", "Trash", "#696969","BASIC", "#313131","Tool", "#313131","Artisan Goods", "#009B6F", "Cooking", "#DC3C00","미지정")} -> #FF0064 | H15: BASIC | I15: Sprites/Items | J15: Objects | K15: 11 | N15: TRUE | O15: TRUE | P15: TRUE | Q15: 100 | R15: 12
A16: 311 | B16: Wheat | C16: =B16&"_Name" -> Wheat_Name | D16: =B16&"_Description" -> Wheat_Description | E16: OBJECTS | F16: Vegetable | G16: {=_xlfn.SWITCH(F16, "Resource", "#406672", "Animal Product", "#FF0064", "Vegetable", "#FF0064", "Fruit","#FF1493","Flower", "#DB36D3","Forage", "#0A8232","Recipe", "#DC3C00","Fish", "#00008B","Seed", "#A52A2A","Crafting", "#943D28","Mineral", "#6E005A", "Trash", "#696969","BASIC", "#313131","Tool", "#313131","Artisan Goods", "#009B6F", "Cooking", "#DC3C00","미지정")} -> #FF0064 | H16: BASIC | I16: Sprites/Items | J16: Objects | K16: 12 | N16: TRUE | O16: TRUE | P16: TRUE | Q16: 25 | R16: -300
A17: 312 | B17: Kale | C17: =B17&"_Name" -> Kale_Name | D17: =B17&"_Description" -> Kale_Description | E17: OBJECTS | F17: Vegetable | G17: {=_xlfn.SWITCH(F17, "Resource", "#406672", "Animal Product", "#FF0064", "Vegetable", "#FF0064", "Fruit","#FF1493","Flower", "#DB36D3","Forage", "#0A8232","Recipe", "#DC3C00","Fish", "#00008B","Seed", "#A52A2A","Crafting", "#943D28","Mineral", "#6E005A", "Trash", "#696969","BASIC", "#313131","Tool", "#313131","Artisan Goods", "#009B6F", "Cooking", "#DC3C00","미지정")} -> #FF0064 | H17: BASIC | I17: Sprites/Items | J17: Objects | K17: 13 | N17: TRUE | O17: TRUE | P17: TRUE | Q17: 110 | R17: 20
A18: 313 | B18: Blue Mushroom | C18: =B18&"_Name" -> Blue Mushroom _Name | D18: =B18&"_Description" -> Blue Mushroom _Description | E18: OBJECTS | F18: Forage | G18: {=_xlfn.SWITCH(F18, "Resource", "#406672", "Animal Product", "#FF0064", "Vegetable", "#FF0064", "Fruit","#FF1493","Flower", "#DB36D3","Forage", "#0A8232","Recipe", "#DC3C00","Fish", "#00008B","Seed", "#A52A2A","Crafting", "#943D28","Mineral", "#6E005A", "Trash", "#696969","BASIC", "#313131","Tool", "#313131","Artisan Goods", "#009B6F", "Cooking", "#DC3C00","미지정")} -> #0A8232 | H18: BASIC | I18: Sprites/Items | J18: Objects | K18: 14 | N18: TRUE | O18: TRUE | P18: TRUE | Q18: 250 | R18: 50
... A53: 611 | B53: Kale Seeds | C53: =B53&"_Name" -> Kale Seeds_Name | D53: =B53&"_Description" -> Kale Seeds_Description | E53: OBJECTS | F53: Seed | G53: {=_xlfn.SWITCH(F53, "Resource", "#406672", "Animal Product", "#FF0064", "Vegetable", "#FF0064", "Fruit","#FF1493","Flower", "#DB36D3","Forage", "#0A8232","Recipe", "#DC3C00","Fish", "#00008B","Seed", "#A52A2A","Crafting", "#943D28","Mineral", "#6E005A", "Trash", "#696969","BASIC", "#313131","Tool", "#313131","Artisan Goods", "#009B6F", "Cooking", "#DC3C00","미지정")} -> #A52A2A | H53: SEEDS | I53: Sprites/Items | J53: Crops | K53: 80 | N53: TRUE | O53: TRUE | P53: TRUE | Q53: 35 | R53: -300
A54: 801 | B54: Creamy Veggie Soup Recipe | C54: =B54&"_Name" -> Creamy Veggie Soup Recipe_Name | D54: =B54&"_Description" -> Creamy Veggie Soup Recipe_Description | E54: OBJECTS | F54: Recipe | G54: {=_xlfn.SWITCH(F54, "Resource", "#406672", "Animal Product", "#FF0064", "Vegetable", "#FF0064", "Fruit","#FF1493","Flower", "#DB36D3","Forage", "#0A8232","Recipe", "#DC3C00","Fish", "#00008B","Seed", "#A52A2A","Crafting", "#943D28","Mineral", "#6E005A", "Trash", "#696969","BASIC", "#313131","Tool", "#313131","Artisan Goods", "#009B6F", "Cooking", "#DC3C00","미지정")} -> #DC3C00 | H54: RECIPE | I54: Sprites/Items | J54: Objects | K54: 100
A55: 802 | B55: Bread Recipe | C55: =B55&"_Name" -> Bread Recipe_Name | D55: =B55&"_Description" -> Bread Recipe_Description | E55: OBJECTS | F55: Recipe | G55: {=_xlfn.SWITCH(F55, "Resource", "#406672", "Animal Product", "#FF0064", "Vegetable", "#FF0064", "Fruit","#FF1493","Flower", "#DB36D3","Forage", "#0A8232","Recipe", "#DC3C00","Fish", "#00008B","Seed", "#A52A2A","Crafting", "#943D28","Mineral", "#6E005A", "Trash", "#696969","BASIC", "#313131","Tool", "#313131","Artisan Goods", "#009B6F", "Cooking", "#DC3C00","미지정")} -> #DC3C00 | H55: RECIPE | I55: Sprites/Items | J55: Objects | K55: 100
A56: 803 | B56: Potato Gratin Recipe | C56: =B56&"_Name" -> Potato Gratin Recipe_Name | D56: =B56&"_Description" -> Potato Gratin Recipe_Description | E56: OBJECTS | F56: Recipe | G56: {=_xlfn.SWITCH(F56, "Resource", "#406672", "Animal Product", "#FF0064", "Vegetable", "#FF0064", "Fruit","#FF1493","Flower", "#DB36D3","Forage", "#0A8232","Recipe", "#DC3C00","Fish", "#00008B","Seed", "#A52A2A","Crafting", "#943D28","Mineral", "#6E005A", "Trash", "#696969","BASIC", "#313131","Tool", "#313131","Artisan Goods", "#009B6F", "Cooking", "#DC3C00","미지정")} -> #DC3C00 | H56: RECIPE | I56: Sprites/Items | J56: Objects | K56: 100
A57: 804 | B57: Carrot Muffin Recipe | C57: =B57&"_Name" -> Carrot Muffin Recipe_Name | D57: =B57&"_Description" -> Carrot Muffin Recipe_Description | E57: OBJECTS | F57: Recipe | G57: {=_xlfn.SWITCH(F57, "Resource", "#406672", "Animal Product", "#FF0064", "Vegetable", "#FF0064", "Fruit","#FF1493","Flower", "#DB36D3","Forage", "#0A8232","Recipe", "#DC3C00","Fish", "#00008B","Seed", "#A52A2A","Crafting", "#943D28","Mineral", "#6E005A", "Trash", "#696969","BASIC", "#313131","Tool", "#313131","Artisan Goods", "#009B6F", "Cooking", "#DC3C00","미지정")} -> #DC3C00 | H57: RECIPE | I57: Sprites/Items | J57: Objects | K57: 100
A58: 805 | B58: Parsnip Soup Recipe | C58: =B58&"_Name" -> Parsnip Soup Recipe_Name | D58: =B58&"_Description" -> Parsnip Soup Recipe_Description | E58: OBJECTS | F58: Recipe | G58: {=_xlfn.SWITCH(F58, "Resource", "#406672", "Animal Product", "#FF0064", "Vegetable", "#FF0064", "Fruit","#FF1493","Flower", "#DB36D3","Forage", "#0A8232","Recipe", "#DC3C00","Fish", "#00008B","Seed", "#A52A2A","Crafting", "#943D28","Mineral", "#6E005A", "Trash", "#696969","BASIC", "#313131","Tool", "#313131","Artisan Goods", "#009B6F", "Cooking", "#DC3C00","미지정")} -> #DC3C00 | H58: RECIPE | I58: Sprites/Items | J58: Objects | K58: 100

Sheet Tools
A3: $$Tools$$
A4: $Id$ | B4: $Name$ | C4: $DisplayName$ | D4: $Description$ | E4: $ItemType$ | F4: $Category$ | G4: $CategoryColor$ | H4: $ToolType$ | I4: $SheetDirectory$ | J4: $ParentSheet$ | K4: $SpriteIndex$ | L4: $Buffs$ | M4: $ContextTags$ | N4: $Stackable$ | O4: $CanBeGivenAsGift$ | P4: $CanBeTrashed$ | Q4: $SalePrice$ | R4: $UpgradeLevel$ | S4: $UpgradeFromStr$
A5: 7010 | B5: Axe | C5: =B5 & "_Name" -> Axe_Name | D5: =B5 & "_Description" -> Axe_Description | E5: TOOLS | F5: Tool | G5: {=_xlfn.SWITCH(F5, "Resource", "#406672", "Animal Product", "#FF0064", "Vegetable", "#FF0064", "Fruit","#FF1493","Flower", "#DB36D3","Forage", "#0A8232","Recipe", "#DC3C00","Fish", "#00008B","Seed", "#A52A2A","Crafting", "#943D28","Mineral", "#6E005A", "Trash", "#696969","BASIC", "#313131","Tool", "#313131","Artisan Goods", "#009B6F", "미지정")} -> #313131 | H5: AXE | I5: Sprites/Items | J5: Tools | K5: 5 | Q5: -1 | R5: 0
A6: 7011 | B6: SteelAxe | C6: =B6 & "_Name" -> SteelAxe_Name | D6: =B6 & "_Description" -> SteelAxe_Description | E6: TOOLS | F6: Tool | G6: {=_xlfn.SWITCH(F6, "Resource", "#406672", "Animal Product", "#FF0064", "Vegetable", "#FF0064", "Fruit","#FF1493","Flower", "#DB36D3","Forage", "#0A8232","Recipe", "#DC3C00","Fish", "#00008B","Seed", "#A52A2A","Crafting", "#943D28","Mineral", "#6E005A", "Trash", "#696969","BASIC", "#313131","Tool", "#313131","Artisan Goods", "#009B6F", "미지정")} -> #313131 | H6: AXE | I6: Sprites/Items | J6: Tools | K6: 6 | Q6: 5000 | R6: 1 | S6: 7010,321,5
A7: 7012 | B7: GoldAxe | C7: =B7 & "_Name" -> GoldAxe_Name | D7: =B7 & "_Description" -> GoldAxe_Description | E7: TOOLS | F7: Tool | G7: {=_xlfn.SWITCH(F7, "Resource", "#406672", "Animal Product", "#FF0064", "Vegetable", "#FF0064", "Fruit","#FF1493","Flower", "#DB36D3","Forage", "#0A8232","Recipe", "#DC3C00","Fish", "#00008B","Seed", "#A52A2A","Crafting", "#943D28","Mineral", "#6E005A", "Trash", "#696969","BASIC", "#313131","Tool", "#313131","Artisan Goods", "#009B6F", "미지정")} -> #313131 | H7: AXE | I7: Sprites/Items | J7: Tools | K7: 7 | Q7: 10000 | R7: 2 | S7: 7011,322,5
A8: 7013 | B8: DiamondAxe | C8: =B8 & "_Name" -> DiamondAxe_Name | D8: =B8 & "_Description" -> DiamondAxe_Description | E8: TOOLS | F8: Tool | G8: {=_xlfn.SWITCH(F8, "Resource", "#406672", "Animal Product", "#FF0064", "Vegetable", "#FF0064", "Fruit","#FF1493","Flower", "#DB36D3","Forage", "#0A8232","Recipe", "#DC3C00","Fish", "#00008B","Seed", "#A52A2A","Crafting", "#943D28","Mineral", "#6E005A", "Trash", "#696969","BASIC", "#313131","Tool", "#313131","Artisan Goods", "#009B6F", "미지정")} -> #313131 | H8: AXE | I8: Sprites/Items | J8: Tools | K8: 8 | Q8: 25000 | R8: 3 | S8: 7012,323,5
A9: 7020 | B9: FishingRod | C9: =B9 & "_Name" -> FishingRod_Name | D9: =B9 & "_Description" -> FishingRod_Description | E9: TOOLS | F9: Tool | G9: {=_xlfn.SWITCH(F9, "Resource", "#406672", "Animal Product", "#FF0064", "Vegetable", "#FF0064", "Fruit","#FF1493","Flower", "#DB36D3","Forage", "#0A8232","Recipe", "#DC3C00","Fish", "#00008B","Seed", "#A52A2A","Crafting", "#943D28","Mineral", "#6E005A", "Trash", "#696969","BASIC", "#313131","Tool", "#313131","Artisan Goods", "#009B6F", "미지정")} -> #313131 | H9: ROD | I9: Sprites/Items | J9: Tools | K9: 30 | Q9: 2000 | R9: 0
A10: 7021 | B10: SteelFishingRod | C10: =B10 & "_Name" -> SteelFishingRod_Name | D10: =B10 & "_Description" -> SteelFishingRod_Description | E10: TOOLS | F10: Tool | G10: {=_xlfn.SWITCH(F10, "Resource", "#406672", "Animal Product", "#FF0064", "Vegetable", "#FF0064", "Fruit","#FF1493","Flower", "#DB36D3","Forage", "#0A8232","Recipe", "#DC3C00","Fish", "#00008B","Seed", "#A52A2A","Crafting", "#943D28","Mineral", "#6E005A", "Trash", "#696969","BASIC", "#313131","Tool", "#313131","Artisan Goods", "#009B6F", "미지정")} -> #313131 | H10: ROD | I10: Sprites/Items | J10: Tools | K10: 31 | Q10: 5000 | R10: 1 | S10: 7020,321,5
A11: 7022 | B11: GoldFishingRod | C11: =B11 & "_Name" -> GoldFishingRod_Name | D11: =B11 & "_Description" -> GoldFishingRod_Description | E11: TOOLS | F11: Tool | G11: {=_xlfn.SWITCH(F11, "Resource", "#406672", "Animal Product", "#FF0064", "Vegetable", "#FF0064", "Fruit","#FF1493","Flower", "#DB36D3","Forage", "#0A8232","Recipe", "#DC3C00","Fish", "#00008B","Seed", "#A52A2A","Crafting", "#943D28","Mineral", "#6E005A", "Trash", "#696969","BASIC", "#313131","Tool", "#313131","Artisan Goods", "#009B6F", "미지정")} -> #313131 | H11: ROD | I11: Sprites/Items | J11: Tools | K11: 32 | Q11: 15000 | R11: 2 | S11: 7021,322,5
A12: 7023 | B12: DiamondFishingRod | C12: =B12 & "_Name" -> DiamondFishingRod_Name | D12: =B12 & "_Description" -> DiamondFishingRod_Description | E12: TOOLS | F12: Tool | G12: {=_xlfn.SWITCH(F12, "Resource", "#406672", "Animal Product", "#FF0064", "Vegetable", "#FF0064", "Fruit","#FF1493","Flower", "#DB36D3","Forage", "#0A8232","Recipe", "#DC3C00","Fish", "#00008B","Seed", "#A52A2A","Crafting", "#943D28","Mineral", "#6E005A", "Trash", "#696969","BASIC", "#313131","Tool", "#313131","Artisan Goods", "#009B6F", "미지정")} -> #313131 | H12: ROD | I12: Sprites/Items | J12: Tools | K12: 33 | Q12: 30000 | R12: 3 | S12: 7022,323,5
A13: 7030 | B13: Pickaxe | C13: =B13 & "_Name" -> Pickaxe_Name | D13: =B13 & "_Description" -> Pickaxe_Description | E13: TOOLS | F13: Tool | G13: {=_xlfn.SWITCH(F13, "Resource", "#406672", "Animal Product", "#FF0064", "Vegetable", "#FF0064", "Fruit","#FF1493","Flower", "#DB36D3","Forage", "#0A8232","Recipe", "#DC3C00","Fish", "#00008B","Seed", "#A52A2A","Crafting", "#943D28","Mineral", "#6E005A", "Trash", "#696969","BASIC", "#313131","Tool", "#313131","Artisan Goods", "#009B6F", "미지정")} -> #313131 | H13: PICKAXE | I13: Sprites/Items | J13: Tools | K13: 25 | Q13: -1 | R13: 0
A14: 7031 | B14: SteelPickaxe | C14: =B14 & "_Name" -> SteelPickaxe_Name | D14: =B14 & "_Description" -> SteelPickaxe_Description | E14: TOOLS | F14: Tool | G14: {=_xlfn.SWITCH(F14, "Resource", "#406672", "Animal Product", "#FF0064", "Vegetable", "#FF0064", "Fruit","#FF1493","Flower", "#DB36D3","Forage", "#0A8232","Recipe", "#DC3C00","Fish", "#00008B","Seed", "#A52A2A","Crafting", "#943D28","Mineral", "#6E005A", "Trash", "#696969","BASIC", "#313131","Tool", "#313131","Artisan Goods", "#009B6F", "미지정")} -> #313131 | H14: PICKAXE | I14: Sprites/Items | J14: Tools | K14: 26 | Q14: 5000 | R14: 1 | S14: 7030,321,5
A15: 7032 | B15: GoldPickaxe | C15: =B15 & "_Name" -> GoldPickaxe_Name | D15: =B15 & "_Description" -> GoldPickaxe_Description | E15: TOOLS | F15: Tool | G15: {=_xlfn.SWITCH(F15, "Resource", "#406672", "Animal Product", "#FF0064", "Vegetable", "#FF0064", "Fruit","#FF1493","Flower", "#DB36D3","Forage", "#0A8232","Recipe", "#DC3C00","Fish", "#00008B","Seed", "#A52A2A","Crafting", "#943D28","Mineral", "#6E005A", "Trash", "#696969","BASIC", "#313131","Tool", "#313131","Artisan Goods", "#009B6F", "미지정")} -> #313131 | H15: PICKAXE | I15: Sprites/Items | J15: Tools | K15: 27 | Q15: 10000 | R15: 2 | S15: 7031,322,5
A16: 7033 | B16: DiamondPickaxe | C16: =B16 & "_Name" -> DiamondPickaxe_Name | D16: =B16 & "_Description" -> DiamondPickaxe_Description | E16: TOOLS | F16: Tool | G16: {=_xlfn.SWITCH(F16, "Resource", "#406672", "Animal Product", "#FF0064", "Vegetable", "#FF0064", "Fruit","#FF1493","Flower", "#DB36D3","Forage", "#0A8232","Recipe", "#DC3C00","Fish", "#00008B","Seed", "#A52A2A","Crafting", "#943D28","Mineral", "#6E005A", "Trash", "#696969","BASIC", "#313131","Tool", "#313131","Artisan Goods", "#009B6F", "미지정")} -> #313131 | H16: PICKAXE | I16: Sprites/Items | J16: Tools | K16: 28 | Q16: 25000 | R16: 3 | S16: 7032,323,5
A17: 7040 | B17: Shovel | C17: =B17 & "_Name" -> Shovel_Name | D17: =B17 & "_Description" -> Shovel_Description | E17: TOOLS | F17: Tool | G17: {=_xlfn.SWITCH(F17, "Resource", "#406672", "Animal Product", "#FF0064", "Vegetable", "#FF0064", "Fruit","#FF1493","Flower", "#DB36D3","Forage", "#0A8232","Recipe", "#DC3C00","Fish", "#00008B","Seed", "#A52A2A","Crafting", "#943D28","Mineral", "#6E005A", "Trash", "#696969","BASIC", "#313131","Tool", "#313131","Artisan Goods", "#009B6F", "미지정")} -> #313131 | H17: SHOVEL | I17: Sprites/Items | J17: Tools | K17: 20 | Q17: -1 | R17: 0
A18: 7041 | B18: SteelShovel | C18: =B18 & "_Name" -> SteelShovel_Name | D18: =B18 & "_Description" -> SteelShovel_Description | E18: TOOLS | F18: Tool | G18: {=_xlfn.SWITCH(F18, "Resource", "#406672", "Animal Product", "#FF0064", "Vegetable", "#FF0064", "Fruit","#FF1493","Flower", "#DB36D3","Forage", "#0A8232","Recipe", "#DC3C00","Fish", "#00008B","Seed", "#A52A2A","Crafting", "#943D28","Mineral", "#6E005A", "Trash", "#696969","BASIC", "#313131","Tool", "#313131","Artisan Goods", "#009B6F", "미지정")} -> #313131 | H18: SHOVEL | I18: Sprites/Items | J18: Tools | K18: 21 | Q18: 5000 | R18: 1 | S18: 7040,321,5
A19: 7042 | B19: GoldShovel | C19: =B19 & "_Name" -> GoldShovel_Name | D19: =B19 & "_Description" -> GoldShovel_Description | E19: TOOLS | F19: Tool | G19: {=_xlfn.SWITCH(F19, "Resource", "#406672", "Animal Product", "#FF0064", "Vegetable", "#FF0064", "Fruit","#FF1493","Flower", "#DB36D3","Forage", "#0A8232","Recipe", "#DC3C00","Fish", "#00008B","Seed", "#A52A2A","Crafting", "#943D28","Mineral", "#6E005A", "Trash", "#696969","BASIC", "#313131","Tool", "#313131","Artisan Goods", "#009B6F", "미지정")} -> #313131 | H19: SHOVEL | I19: Sprites/Items | J19: Tools | K19: 22 | Q19: 10000 | R19: 2 | S19: 7041,322,5
A20: 7043 | B20: DiamondShovel | C20: =B20 & "_Name" -> DiamondShovel_Name | D20: =B20 & "_Description" -> DiamondShovel_Description | E20: TOOLS | F20: Tool | G20: {=_xlfn.SWITCH(F20, "Resource", "#406672", "Animal Product", "#FF0064", "Vegetable", "#FF0064", "Fruit","#FF1493","Flower", "#DB36D3","Forage", "#0A8232","Recipe", "#DC3C00","Fish", "#00008B","Seed", "#A52A2A","Crafting", "#943D28","Mineral", "#6E005A", "Trash", "#696969","BASIC", "#313131","Tool", "#313131","Artisan Goods", "#009B6F", "미지정")} -> #313131 | H20: SHOVEL | I20: Sprites/Items | J20: Tools | K20: 23 | Q20: 25000 | R20: 3 | S20: 7042,323,5
A21: 7050 | B21: WateringCan | C21: =B21 & "_Name" -> WateringCan_Name | D21: =B21 & "_Description" -> WateringCan_Description | E21: TOOLS | F21: Tool | G21: {=_xlfn.SWITCH(F21, "Resource", "#406672", "Animal Product", "#FF0064", "Vegetable", "#FF0064", "Fruit","#FF1493","Flower", "#DB36D3","Forage", "#0A8232","Recipe", "#DC3C00","Fish", "#00008B","Seed", "#A52A2A","Crafting", "#943D28","Mineral", "#6E005A", "Trash", "#696969","BASIC", "#313131","Tool", "#313131","Artisan Goods", "#009B6F", "미지정")} -> #313131 | H21: WATERING | I21: Sprites/Items | J21: Tools | K21: 0 | Q21: -1 | R21: 0
A22: 7051 | B22: SteelWaterCan | C22: =B22 & "_Name" -> SteelWaterCan_Name | D22: =B22 & "_Description" -> SteelWaterCan_Description | E22: TOOLS | F22: Tool | G22: {=_xlfn.SWITCH(F22, "Resource", "#406672", "Animal Product", "#FF0064", "Vegetable", "#FF0064", "Fruit","#FF1493","Flower", "#DB36D3","Forage", "#0A8232","Recipe", "#DC3C00","Fish", "#00008B","Seed", "#A52A2A","Crafting", "#943D28","Mineral", "#6E005A", "Trash", "#696969","BASIC", "#313131","Tool", "#313131","Artisan Goods", "#009B6F", "미지정")} -> #313131 | H22: WATERING | I22: Sprites/Items | J22: Tools | K22: 1 | Q22: 5000 | R22: 1 | S22: 7050,321,5
A23: 7052 | B23: GoldWateringCan | C23: =B23 & "_Name" -> GoldWateringCan_Name | D23: =B23 & "_Description" -> GoldWateringCan_Description | E23: TOOLS | F23: Tool | G23: {=_xlfn.SWITCH(F23, "Resource", "#406672", "Animal Product", "#FF0064", "Vegetable", "#FF0064", "Fruit","#FF1493","Flower", "#DB36D3","Forage", "#0A8232","Recipe", "#DC3C00","Fish", "#00008B","Seed", "#A52A2A","Crafting", "#943D28","Mineral", "#6E005A", "Trash", "#696969","BASIC", "#313131","Tool", "#313131","Artisan Goods", "#009B6F", "미지정")} -> #313131 | H23: WATERING | I23: Sprites/Items | J23: Tools | K23: 2 | Q23: 10000 | R23: 2 | S23: 7051,322,5
A24: 7053 | B24: DiamondWateringCan | C24: =B24 & "_Name" -> DiamondWateringCan_Name | D24: =B24 & "_Description" -> DiamondWateringCan_Description | E24: TOOLS | F24: Tool | G24: {=_xlfn.SWITCH(F24, "Resource", "#406672", "Animal Product", "#FF0064", "Vegetable", "#FF0064", "Fruit","#FF1493","Flower", "#DB36D3","Forage", "#0A8232","Recipe", "#DC3C00","Fish", "#00008B","Seed", "#A52A2A","Crafting", "#943D28","Mineral", "#6E005A", "Trash", "#696969","BASIC", "#313131","Tool", "#313131","Artisan Goods", "#009B6F", "미지정")} -> #313131 | H24: WATERING | I24: Sprites/Items | J24: Tools | K24: 3 | Q24: 25000 | R24: 3 | S24: 7052,323,5

Sheet Crops
A3: $$Crops$$
A4: $Id$ | B4: $Name$ | C4: $SeasonsStr$ | D4: $DaysInPhaseStr$ | E4: $NeedsWatering$ | F4: $HarvestItemId$ | G4: $HarvestMinStack$ | H4: $HarvestMaxStack$ | I4: $ExtraHarvestChance$ | J4: $HarvestMethodStr$ | K4: $SheetDirectory$ | L4: $ParentSheet$ | M4: $SpriteIndex$
A5: =INDEX(Objects!$A:$A, MATCH(B5, Objects!$B:$B, 0)) -> 601 | B5: Carrot Seeds | C5: SPRING | D5: 1,1,1,1 | E5: TRUE | F5: =INDEX(Objects!$A:$A, MATCH(SUBSTITUTE(B5, " Seeds", ""), Objects!$B:$B, 0)) -> 302 | G5: 1 | H5: 1 | I5: 0 | J5: HANDS | K5: Sprites/Items | L5: Crops | M5: 0
A6: =INDEX(Objects!$A:$A, MATCH(B6, Objects!$B:$B, 0)) -> 602 | B6: Cauliflower Seeds | C6: SPRING | D6: 1,2,4,4 | E6: TRUE | F6: =INDEX(Objects!$A:$A, MATCH(SUBSTITUTE(B6, " Seeds", ""), Objects!$B:$B, 0)) -> 303 | G6: 1 | H6: 1 | I6: 0 | J6: HANDS | K6: Sprites/Items | L6: Crops | M6: 8
A7: =INDEX(Objects!$A:$A, MATCH(B7, Objects!$B:$B, 0)) -> 603 | B7: Pumpkin Seeds | C7: FALL | D7: 1,2,3,4 | E7: TRUE | F7: =INDEX(Objects!$A:$A, MATCH(SUBSTITUTE(B7, " Seeds", ""), Objects!$B:$B, 0)) -> 304 | G7: 1 | H7: 1 | I7: 0 | J7: HANDS | K7: Sprites/Items | L7: Crops | M7: 16
A8: =INDEX(Objects!$A:$A, MATCH(B8, Objects!$B:$B, 0)) -> 604 | B8: Sunflower Seeds | C8: SUMMER,FALL | D8: 1,2,3,2 | E8: TRUE | F8: =INDEX(Objects!$A:$A, MATCH(SUBSTITUTE(B8, " Seeds", ""), Objects!$B:$B, 0)) -> 305 | G8: 1 | H8: 1 | I8: 0 | J8: HANDS | K8: Sprites/Items | L8: Crops | M8: 24
A9: =INDEX(Objects!$A:$A, MATCH(B9, Objects!$B:$B, 0)) -> 605 | B9: Radish Seeds | C9: SUMMER | D9: 2,1,2,1 | E9: TRUE | F9: =INDEX(Objects!$A:$A, MATCH(SUBSTITUTE(B9, " Seeds", ""), Objects!$B:$B, 0)) -> 306 | G9: 1 | H9: 1 | I9: 0 | J9: HANDS | K9: Sprites/Items | L9: Crops | M9: 32
A10: =INDEX(Objects!$A:$A, MATCH(B10, Objects!$B:$B, 0)) -> 606 | B10: Parsnip Seeds | C10: SPRING | D10: 1,1,1,1 | E10: TRUE | F10: =INDEX(Objects!$A:$A, MATCH(SUBSTITUTE(B10, " Seeds", ""), Objects!$B:$B, 0)) -> 307 | G10: 1 | H10: 1 | I10: 0 | J10: HANDS | K10: Sprites/Items | L10: Crops | M10: 40
A11: =INDEX(Objects!$A:$A, MATCH(B11, Objects!$B:$B, 0)) -> 607 | B11: Potato Seeds | C11: SPRING | D11: 1,1,1,2 | E11: TRUE | F11: =INDEX(Objects!$A:$A, MATCH(SUBSTITUTE(B11, " Seeds", ""), Objects!$B:$B, 0)) -> 308 | G11: 1 | H11: 1 | I11: 0.2 | J11: HANDS | K11: Sprites/Items | L11: Crops | M11: 48
A12: =INDEX(Objects!$A:$A, MATCH(B12, Objects!$B:$B, 0)) -> 608 | B12: Red Cabbage Seeds | C12: SUMMER | D12: 2,1,2,3 | E12: TRUE | F12: =INDEX(Objects!$A:$A, MATCH(SUBSTITUTE(B12, " Seeds", ""), Objects!$B:$B, 0)) -> 309 | G12: 1 | H12: 1 | I12: 0 | J12: HANDS | K12: Sprites/Items | L12: Crops | M12: 56
A13: =INDEX(Objects!$A:$A, MATCH(B13, Objects!$B:$B, 0)) -> 609 | B13: Beetroot Seeds | C13: FALL | D13: 1,1,2,2 | E13: TRUE | F13: =INDEX(Objects!$A:$A, MATCH(SUBSTITUTE(B13, " Seeds", ""), Objects!$B:$B, 0)) -> 310 | G13: 1 | H13: 1 | I13: 0 | J13: HANDS | K13: Sprites/Items | L13: Crops | M13: 64
A14: =INDEX(Objects!$A:$A, MATCH(B14, Objects!$B:$B, 0)) -> 610 | B14: Wheat Seeds | C14: SUMMER,FALL | D14: 1,1,1,1 | E14: TRUE | F14: =INDEX(Objects!$A:$A, MATCH(SUBSTITUTE(B14, " Seeds", ""), Objects!$B:$B, 0)) -> 311 | G14: 1 | H14: 1 | I14: 0 | J14: HANDS | K14: Sprites/Items | L14: Crops | M14: 72
A15: =INDEX(Objects!$A:$A, MATCH(B15, Objects!$B:$B, 0)) -> 611 | B15: Kale Seeds | C15: SPRING | D15: 1,2,2,1 | E15: TRUE | F15: =INDEX(Objects!$A:$A, MATCH(SUBSTITUTE(B15, " Seeds", ""), Objects!$B:$B, 0)) -> 312 | G15: 1 | H15: 1 | I15: 0 | J15: HANDS | K15: Sprites/Items | L15: Crops | M15: 80

Sheet Recipes
A3: $$Recipes$$
A4: $Id$ | B4: $Name$ | C4: $RecipeType$ | D4: $Req_ingredient$ | E4: $ResultItemId$
A5: 801 | B5: Creamy Veggie Soup Recipe | C5: COOKING | D5: 301:2,302:1,303:1,308:1,326:1 | E5: 327
A6: 802 | B6: Bread Recipe | C6: COOKING | D6: 311:1,301:1,326:1 | E6: 328
A7: 803 | B7: Potato Gratin Recipe | C7: COOKING | D7: 303:1,308:1,302:1,301:2,326:1 | E7: 329
A8: 804 | B8: Carrot Muffin Recipe | C8: COOKING | D8: 302:1,316:1,326:1, | E8: 330
A9: 805 | B9: Parsnip Soup Recipe | C9: COOKING | D9: 307:1,301:2,326:1 | E9: 331
